{"stats":{"minecraft:custom":{"minecraft:time_since_rest":12496,"minecraft:sprint_one_cm":43370,"minecraft:walk_one_cm":13991,"minecraft:mob_kills":2,"minecraft:drop":2,"minecraft:damage_dealt":1099,"minecraft:interact_with_crafting_table":8,"minecraft:fly_one_cm":63229,"minecraft:open_chest":4,"minecraft:crouch_one_cm":1220,"minecraft:play_time":12496,"minecraft:sneak_time":962,"minecraft:jump":218,"minecraft:leave_game":1,"minecraft:time_since_death":12496,"minecraft:walk_on_water_one_cm":94,"minecraft:total_world_time":12496,"minecraft:fall_one_cm":5877},"minecraft:dropped":{"minecraft:wooden_axe":1,"minecraft:wooden_pickaxe":1},"minecraft:used":{"minecraft:wooden_axe":6,"minecraft:wooden_hoe":14,"minecraft:bread":2,"minecraft:stone_pickaxe":3,"minecraft:oak_planks":3,"minecraft:wooden_pickaxe":3,"minecraft:stone_axe":26,"minecraft:crafting_table":3},"minecraft:crafted":{"minecraft:oak_planks":52,"minecraft:wooden_hoe":1,"minecraft:crafting_table":1,"minecraft:stick":12,"minecraft:wooden_pickaxe":1,"minecraft:stone_pickaxe":1,"minecraft:wooden_axe":1,"minecraft:bucket":1,"minecraft:stone_axe":1,"minecraft:bread":36,"minecraft:wheat":108},"minecraft:mined":{"minecraft:hay_block":12,"minecraft:white_bed":2,"minecraft:crafting_table":3,"minecraft:short_grass":4,"minecraft:oak_log":13,"minecraft:stone":6,"minecraft:oak_planks":3,"minecraft:oak_leaves":3},"minecraft:killed":{"minecraft:iron_golem":1,"minecraft:cow":1},"minecraft:picked_up":{"minecraft:crafting_table":3,"minecraft:leather":1,"minecraft:oak_log":13,"minecraft:white_bed":2,"minecraft:hay_block":12,"minecraft:beef":3,"minecraft:iron_ingot":3,"minecraft:oak_planks":3,"minecraft:cobblestone":6}},"DataVersion":3953}